step,queue_length,total_arrivals,total_served,total_dropout,avg_waiting_time,avg_system_time,service_level,dropout_rate,utilization,current_arrival_prob
0,0,1,0,0,0.0,0.0,0.0,0.0,0.5,0.35
1,0,1,0,0,0.0,0.0,0.0,0.0,1.0,0.35
2,0,2,0,0,0.0,0.0,0.0,0.0,1.0,0.35
3,1,3,0,0,0.0,0.0,0.0,0.0,1.0,0.35
4,2,4,0,0,0.0,0.0,0.0,0.0,1.0,0.35
5,2,4,0,0,0.0,0.0,0.0,0.0,1.0,0.35
6,3,5,0,0,0.0,0.0,0.0,0.0,1.0,0.35
7,4,6,0,0,0.0,0.0,0.0,0.0,1.0,0.35
8,4,6,0,0,0.0,0.0,0.0,0.0,1.0,0.35
9,4,6,0,0,0.0,0.0,0.0,0.0,1.0,0.35
10,4,6,0,0,0.0,0.0,0.0,0.0,1.0,0.35
11,4,6,0,0,0.0,0.0,0.0,0.0,1.0,0.35
12,4,6,0,0,0.0,0.0,0.0,0.0,1.0,0.35
13,5,7,0,0,0.0,0.0,0.0,0.0,1.0,0.35
14,4,7,1,0,0.0,12.0,0.14285714285714285,0.0,1.0,0.35
15,4,7,1,0,0.0,12.0,0.14285714285714285,0.0,1.0,0.35
16,5,8,1,0,0.0,12.0,0.125,0.0,1.0,0.35
17,5,8,1,0,0.0,12.0,0.125,0.0,1.0,0.35
18,6,9,1,0,0.0,12.0,0.1111111111111111,0.0,1.0,0.35
19,6,9,1,0,0.0,12.0,0.1111111111111111,0.0,1.0,0.35
20,5,9,2,0,0.0,16.0,0.2222222222222222,0.0,1.0,0.35
21,5,9,2,0,0.0,16.0,0.2222222222222222,0.0,1.0,0.35
22,7,11,2,0,0.0,16.0,0.18181818181818182,0.0,1.0,0.35
23,8,12,2,0,0.0,16.0,0.16666666666666666,0.0,1.0,0.35
24,9,13,2,0,0.0,16.0,0.15384615384615385,0.0,1.0,0.35
25,9,13,2,0,0.0,16.0,0.15384615384615385,0.0,1.0,0.35
26,9,13,2,0,0.0,16.0,0.15384615384615385,0.0,1.0,0.35
27,9,13,2,0,0.0,16.0,0.15384615384615385,0.0,1.0,0.35
28,8,13,2,1,0.0,16.0,0.15384615384615385,0.07692307692307693,1.0,0.35
29,8,13,2,1,0.0,16.0,0.15384615384615385,0.07692307692307693,1.0,0.35
30,8,14,3,1,4.0,19.666666666666668,0.21428571428571427,0.07142857142857142,1.0,0.35
31,8,14,3,1,4.0,19.666666666666668,0.21428571428571427,0.07142857142857142,1.0,0.35
32,9,15,3,1,4.0,19.666666666666668,0.2,0.06666666666666667,1.0,0.35
33,9,15,3,1,4.0,19.666666666666668,0.2,0.06666666666666667,1.0,0.35
34,10,16,3,1,4.0,19.666666666666668,0.1875,0.0625,1.0,0.35
35,9,16,3,2,4.0,19.666666666666668,0.1875,0.125,1.0,0.35
36,8,16,4,2,7.25,22.75,0.25,0.125,1.0,0.35
37,8,16,4,2,7.25,22.75,0.25,0.125,1.0,0.35
38,8,16,4,2,7.25,22.75,0.25,0.125,1.0,0.35
39,9,17,4,2,7.25,22.75,0.23529411764705882,0.11764705882352941,1.0,0.35
40,9,17,4,2,7.25,22.75,0.23529411764705882,0.11764705882352941,1.0,0.35
41,9,17,4,2,7.25,22.75,0.23529411764705882,0.11764705882352941,1.0,0.35
42,10,18,4,2,7.25,22.75,0.2222222222222222,0.1111111111111111,1.0,0.35
43,11,19,4,2,7.25,22.75,0.21052631578947367,0.10526315789473684,1.0,0.35
44,10,19,5,2,10.6,25.6,0.2631578947368421,0.10526315789473684,1.0,0.35
45,10,19,5,2,10.6,25.6,0.2631578947368421,0.10526315789473684,1.0,0.35
46,11,20,5,2,10.6,25.6,0.25,0.1,1.0,0.35
47,11,20,5,2,10.6,25.6,0.25,0.1,1.0,0.35
48,11,20,5,2,10.6,25.6,0.25,0.1,1.0,0.35
49,11,20,5,2,10.6,25.6,0.25,0.1,1.0,0.35
50,10,20,5,3,10.6,25.6,0.25,0.15,1.0,0.35
51,10,20,5,3,10.6,25.6,0.25,0.15,1.0,0.35
52,10,20,5,3,10.6,25.6,0.25,0.15,1.0,0.35
53,12,22,5,3,10.6,25.6,0.22727272727272727,0.13636363636363635,1.0,0.35
54,13,23,5,3,10.6,25.6,0.21739130434782608,0.13043478260869565,1.0,0.35
55,13,24,6,3,13.333333333333334,27.5,0.25,0.125,1.0,0.35
56,14,25,6,3,13.333333333333334,27.5,0.24,0.12,1.0,0.35
57,13,25,7,3,14.428571428571429,29.428571428571427,0.28,0.12,1.0,0.35
58,14,26,7,3,14.428571428571429,29.428571428571427,0.2692307692307692,0.11538461538461539,1.0,0.35
59,14,26,7,3,14.428571428571429,29.428571428571427,0.2692307692307692,0.11538461538461539,1.0,0.35
60,14,26,7,3,14.428571428571429,29.428571428571427,0.2692307692307692,0.11538461538461539,1.0,0.35
61,14,27,7,4,14.428571428571429,29.428571428571427,0.25925925925925924,0.14814814814814814,1.0,0.35
62,14,28,7,5,14.428571428571429,29.428571428571427,0.25,0.17857142857142858,1.0,0.35
63,13,28,7,6,14.428571428571429,29.428571428571427,0.25,0.21428571428571427,1.0,0.35
64,14,29,7,6,14.428571428571429,29.428571428571427,0.2413793103448276,0.20689655172413793,1.0,0.35
65,13,29,7,7,14.428571428571429,29.428571428571427,0.2413793103448276,0.2413793103448276,1.0,0.35
66,14,30,7,7,14.428571428571429,29.428571428571427,0.23333333333333334,0.23333333333333334,1.0,0.35
67,13,30,7,8,14.428571428571429,29.428571428571427,0.23333333333333334,0.26666666666666666,1.0,0.35
68,13,30,7,8,14.428571428571429,29.428571428571427,0.23333333333333334,0.26666666666666666,1.0,0.35
69,14,32,8,8,16.875,31.625,0.25,0.25,1.0,0.35
70,13,32,9,8,18.88888888888889,33.333333333333336,0.28125,0.25,1.0,0.35
71,12,32,9,9,18.88888888888889,33.333333333333336,0.28125,0.28125,1.0,0.35
72,13,33,9,9,18.88888888888889,33.333333333333336,0.2727272727272727,0.2727272727272727,1.0,0.35
73,13,34,9,10,18.88888888888889,33.333333333333336,0.2647058823529412,0.29411764705882354,1.0,0.35
74,14,35,9,10,18.88888888888889,33.333333333333336,0.2571428571428571,0.2857142857142857,1.0,0.35
75,13,35,9,11,18.88888888888889,33.333333333333336,0.2571428571428571,0.3142857142857143,1.0,0.35
76,14,36,9,11,18.88888888888889,33.333333333333336,0.25,0.3055555555555556,1.0,0.35
77,14,36,9,11,18.88888888888889,33.333333333333336,0.25,0.3055555555555556,1.0,0.35
78,14,36,9,11,18.88888888888889,33.333333333333336,0.25,0.3055555555555556,1.0,0.35
79,14,36,9,11,18.88888888888889,33.333333333333336,0.25,0.3055555555555556,1.0,0.35
80,15,37,9,11,18.88888888888889,33.333333333333336,0.24324324324324326,0.2972972972972973,1.0,0.35
81,14,37,9,12,18.88888888888889,33.333333333333336,0.24324324324324326,0.32432432432432434,1.0,0.35
82,14,38,10,12,19.9,34.0,0.2631578947368421,0.3157894736842105,1.0,0.35
83,14,38,10,12,19.9,34.0,0.2631578947368421,0.3157894736842105,1.0,0.35
84,14,39,10,13,19.9,34.0,0.2564102564102564,0.3333333333333333,1.0,0.35
85,14,39,10,13,19.9,34.0,0.2564102564102564,0.3333333333333333,1.0,0.35
86,15,40,10,13,19.9,34.0,0.25,0.325,1.0,0.35
87,13,40,10,15,19.9,34.0,0.25,0.375,1.0,0.35
88,12,40,11,15,21.545454545454547,36.0,0.275,0.375,1.0,0.35
89,13,41,11,15,21.545454545454547,36.0,0.2682926829268293,0.36585365853658536,1.0,0.35
90,13,41,11,15,21.545454545454547,36.0,0.2682926829268293,0.36585365853658536,1.0,0.35
91,12,41,11,16,21.545454545454547,36.0,0.2682926829268293,0.3902439024390244,1.0,0.35
92,13,42,11,16,21.545454545454547,36.0,0.2619047619047619,0.38095238095238093,1.0,0.35
93,11,42,12,17,22.25,36.333333333333336,0.2857142857142857,0.40476190476190477,1.0,0.35
94,12,43,12,17,22.25,36.333333333333336,0.27906976744186046,0.3953488372093023,1.0,0.35
95,12,43,12,17,22.25,36.333333333333336,0.27906976744186046,0.3953488372093023,1.0,0.35
96,13,44,12,17,22.25,36.333333333333336,0.2727272727272727,0.38636363636363635,1.0,0.35
97,14,45,12,17,22.25,36.333333333333336,0.26666666666666666,0.37777777777777777,1.0,0.35
98,15,46,12,17,22.25,36.333333333333336,0.2608695652173913,0.3695652173913043,1.0,0.35
99,15,47,12,18,22.25,36.333333333333336,0.2553191489361702,0.3829787234042553,1.0,0.35
100,16,48,12,18,22.25,36.333333333333336,0.25,0.375,1.0,0.35
101,16,48,12,18,22.25,36.333333333333336,0.25,0.375,1.0,0.35
102,15,48,13,18,23.076923076923077,37.07692307692308,0.2708333333333333,0.375,1.0,0.35
103,14,48,13,19,23.076923076923077,37.07692307692308,0.2708333333333333,0.3958333333333333,1.0,0.35
104,14,48,13,19,23.076923076923077,37.07692307692308,0.2708333333333333,0.3958333333333333,1.0,0.35
105,15,49,13,19,23.076923076923077,37.07692307692308,0.2653061224489796,0.3877551020408163,1.0,0.35
106,14,49,14,19,23.214285714285715,37.07142857142857,0.2857142857142857,0.3877551020408163,1.0,0.35
107,14,49,14,19,23.214285714285715,37.07142857142857,0.2857142857142857,0.3877551020408163,1.0,0.35
108,14,49,14,19,23.214285714285715,37.07142857142857,0.2857142857142857,0.3877551020408163,1.0,0.35
109,13,49,14,20,23.214285714285715,37.07142857142857,0.2857142857142857,0.40816326530612246,1.0,0.35
110,14,50,14,20,23.214285714285715,37.07142857142857,0.28,0.4,1.0,0.35
111,15,51,14,20,23.214285714285715,37.07142857142857,0.27450980392156865,0.39215686274509803,1.0,0.35
112,13,51,14,22,23.214285714285715,37.07142857142857,0.27450980392156865,0.43137254901960786,1.0,0.35
113,13,51,14,22,23.214285714285715,37.07142857142857,0.27450980392156865,0.43137254901960786,1.0,0.35
114,12,51,14,23,23.214285714285715,37.07142857142857,0.27450980392156865,0.45098039215686275,1.0,0.35
115,11,51,14,24,23.214285714285715,37.07142857142857,0.27450980392156865,0.47058823529411764,1.0,0.35
116,9,51,15,25,23.933333333333334,37.733333333333334,0.29411764705882354,0.49019607843137253,1.0,0.35
117,9,51,15,25,23.933333333333334,37.733333333333334,0.29411764705882354,0.49019607843137253,1.0,0.35
118,10,52,15,25,23.933333333333334,37.733333333333334,0.28846153846153844,0.4807692307692308,1.0,0.35
119,10,52,15,25,23.933333333333334,37.733333333333334,0.28846153846153844,0.4807692307692308,1.0,0.35
120,10,53,15,26,23.933333333333334,37.733333333333334,0.2830188679245283,0.49056603773584906,1.0,0.44999999999999996
121,9,54,16,27,24.625,38.4375,0.2962962962962963,0.5,1.0,0.44999999999999996
122,9,54,16,27,24.625,38.4375,0.2962962962962963,0.5,1.0,0.44999999999999996
123,10,55,16,27,24.625,38.4375,0.2909090909090909,0.4909090909090909,1.0,0.44999999999999996
124,10,55,16,27,24.625,38.4375,0.2909090909090909,0.4909090909090909,1.0,0.44999999999999996
125,10,55,16,27,24.625,38.4375,0.2909090909090909,0.4909090909090909,1.0,0.44999999999999996
126,10,55,16,27,24.625,38.4375,0.2909090909090909,0.4909090909090909,1.0,0.44999999999999996
127,10,55,16,27,24.625,38.4375,0.2909090909090909,0.4909090909090909,1.0,0.44999999999999996
128,11,56,16,27,24.625,38.4375,0.2857142857142857,0.48214285714285715,1.0,0.44999999999999996
129,10,56,16,28,24.625,38.4375,0.2857142857142857,0.5,1.0,0.44999999999999996
130,11,57,16,28,24.625,38.4375,0.2807017543859649,0.49122807017543857,1.0,0.44999999999999996
131,10,57,16,29,24.625,38.4375,0.2807017543859649,0.5087719298245614,1.0,0.44999999999999996
132,11,58,16,29,24.625,38.4375,0.27586206896551724,0.5,1.0,0.44999999999999996
133,12,60,17,29,24.941176470588236,38.588235294117645,0.2833333333333333,0.48333333333333334,1.0,0.44999999999999996
134,11,60,18,29,25.27777777777778,39.111111111111114,0.3,0.48333333333333334,1.0,0.44999999999999996
135,13,62,18,29,25.27777777777778,39.111111111111114,0.2903225806451613,0.46774193548387094,1.0,0.44999999999999996
136,14,63,18,29,25.27777777777778,39.111111111111114,0.2857142857142857,0.4603174603174603,1.0,0.44999999999999996
137,14,63,18,29,25.27777777777778,39.111111111111114,0.2857142857142857,0.4603174603174603,1.0,0.44999999999999996
138,15,64,18,29,25.27777777777778,39.111111111111114,0.28125,0.453125,1.0,0.44999999999999996
139,13,64,18,31,25.27777777777778,39.111111111111114,0.28125,0.484375,1.0,0.44999999999999996
140,13,64,18,31,25.27777777777778,39.111111111111114,0.28125,0.484375,1.0,0.44999999999999996
141,13,64,18,31,25.27777777777778,39.111111111111114,0.28125,0.484375,1.0,0.44999999999999996
142,13,64,18,31,25.27777777777778,39.111111111111114,0.28125,0.484375,1.0,0.44999999999999996
143,14,65,18,31,25.27777777777778,39.111111111111114,0.27692307692307694,0.47692307692307695,1.0,0.44999999999999996
144,15,66,18,31,25.27777777777778,39.111111111111114,0.2727272727272727,0.4696969696969697,1.0,0.44999999999999996
145,16,67,18,31,25.27777777777778,39.111111111111114,0.26865671641791045,0.4626865671641791,1.0,0.44999999999999996
146,16,67,18,31,25.27777777777778,39.111111111111114,0.26865671641791045,0.4626865671641791,1.0,0.44999999999999996
147,15,67,19,31,25.736842105263158,39.526315789473685,0.2835820895522388,0.4626865671641791,1.0,0.44999999999999996
148,16,68,19,31,25.736842105263158,39.526315789473685,0.27941176470588236,0.45588235294117646,1.0,0.44999999999999996
149,17,69,19,31,25.736842105263158,39.526315789473685,0.2753623188405797,0.4492753623188406,1.0,0.44999999999999996
150,17,70,20,31,25.95,39.8,0.2857142857142857,0.44285714285714284,1.0,0.44999999999999996
151,18,71,20,31,25.95,39.8,0.28169014084507044,0.43661971830985913,1.0,0.44999999999999996
152,19,72,20,31,25.95,39.8,0.2777777777777778,0.4305555555555556,1.0,0.44999999999999996
153,20,73,20,31,25.95,39.8,0.273972602739726,0.4246575342465753,1.0,0.44999999999999996
154,20,73,20,31,25.95,39.8,0.273972602739726,0.4246575342465753,1.0,0.44999999999999996
155,21,74,20,31,25.95,39.8,0.2702702702702703,0.4189189189189189,1.0,0.44999999999999996
156,21,74,20,31,25.95,39.8,0.2702702702702703,0.4189189189189189,1.0,0.44999999999999996
157,20,74,20,32,25.95,39.8,0.2702702702702703,0.43243243243243246,1.0,0.44999999999999996
158,21,75,20,32,25.95,39.8,0.26666666666666666,0.4266666666666667,1.0,0.44999999999999996
159,21,75,20,32,25.95,39.8,0.26666666666666666,0.4266666666666667,1.0,0.44999999999999996
160,22,76,20,32,25.95,39.8,0.2631578947368421,0.42105263157894735,1.0,0.44999999999999996
161,23,77,20,32,25.95,39.8,0.2597402597402597,0.4155844155844156,1.0,0.44999999999999996
162,21,77,21,33,26.19047619047619,39.904761904761905,0.2727272727272727,0.42857142857142855,1.0,0.44999999999999996
163,21,78,21,34,26.19047619047619,39.904761904761905,0.2692307692307692,0.4358974358974359,1.0,0.44999999999999996
164,22,79,21,34,26.19047619047619,39.904761904761905,0.26582278481012656,0.43037974683544306,1.0,0.44999999999999996
165,24,81,21,34,26.19047619047619,39.904761904761905,0.25925925925925924,0.41975308641975306,1.0,0.44999999999999996
166,23,81,22,34,26.363636363636363,40.27272727272727,0.2716049382716049,0.41975308641975306,1.0,0.44999999999999996
167,23,81,22,34,26.363636363636363,40.27272727272727,0.2716049382716049,0.41975308641975306,1.0,0.44999999999999996
168,23,81,22,34,26.363636363636363,40.27272727272727,0.2716049382716049,0.41975308641975306,1.0,0.44999999999999996
169,24,82,22,34,26.363636363636363,40.27272727272727,0.2682926829268293,0.4146341463414634,1.0,0.44999999999999996
170,22,82,22,36,26.363636363636363,40.27272727272727,0.2682926829268293,0.43902439024390244,1.0,0.44999999999999996
171,22,82,22,36,26.363636363636363,40.27272727272727,0.2682926829268293,0.43902439024390244,1.0,0.44999999999999996
172,23,83,22,36,26.363636363636363,40.27272727272727,0.26506024096385544,0.43373493975903615,1.0,0.44999999999999996
173,22,83,22,37,26.363636363636363,40.27272727272727,0.26506024096385544,0.4457831325301205,1.0,0.44999999999999996
174,23,84,22,37,26.363636363636363,40.27272727272727,0.2619047619047619,0.44047619047619047,1.0,0.44999999999999996
175,22,84,22,38,26.363636363636363,40.27272727272727,0.2619047619047619,0.4523809523809524,1.0,0.44999999999999996
176,22,84,22,38,26.363636363636363,40.27272727272727,0.2619047619047619,0.4523809523809524,1.0,0.44999999999999996
177,20,85,23,40,26.91304347826087,40.65217391304348,0.27058823529411763,0.47058823529411764,1.0,0.44999999999999996
178,20,85,23,40,26.91304347826087,40.65217391304348,0.27058823529411763,0.47058823529411764,1.0,0.44999999999999996
179,20,86,23,41,26.91304347826087,40.65217391304348,0.26744186046511625,0.47674418604651164,1.0,0.44999999999999996
180,19,87,24,42,27.541666666666668,41.416666666666664,0.27586206896551724,0.4827586206896552,1.0,0.44999999999999996
181,18,88,24,44,27.541666666666668,41.416666666666664,0.2727272727272727,0.5,1.0,0.44999999999999996
182,18,89,24,45,27.541666666666668,41.416666666666664,0.2696629213483146,0.5056179775280899,1.0,0.44999999999999996
183,18,89,24,45,27.541666666666668,41.416666666666664,0.2696629213483146,0.5056179775280899,1.0,0.44999999999999996
184,17,89,24,46,27.541666666666668,41.416666666666664,0.2696629213483146,0.5168539325842697,1.0,0.44999999999999996
185,17,89,24,46,27.541666666666668,41.416666666666664,0.2696629213483146,0.5168539325842697,1.0,0.44999999999999996
186,18,90,24,46,27.541666666666668,41.416666666666664,0.26666666666666666,0.5111111111111111,1.0,0.44999999999999996
187,18,91,24,47,27.541666666666668,41.416666666666664,0.26373626373626374,0.5164835164835165,1.0,0.44999999999999996
188,17,92,24,49,27.541666666666668,41.416666666666664,0.2608695652173913,0.532608695652174,1.0,0.44999999999999996
189,16,92,24,50,27.541666666666668,41.416666666666664,0.2608695652173913,0.5434782608695652,1.0,0.44999999999999996
190,15,92,25,50,28.12,41.92,0.2717391304347826,0.5434782608695652,1.0,0.44999999999999996
191,17,94,25,50,28.12,41.92,0.26595744680851063,0.5319148936170213,1.0,0.44999999999999996
192,17,94,25,50,28.12,41.92,0.26595744680851063,0.5319148936170213,1.0,0.44999999999999996
193,17,94,25,50,28.12,41.92,0.26595744680851063,0.5319148936170213,1.0,0.44999999999999996
194,16,94,26,50,28.692307692307693,42.46153846153846,0.2765957446808511,0.5319148936170213,1.0,0.44999999999999996
195,16,95,26,51,28.692307692307693,42.46153846153846,0.2736842105263158,0.5368421052631579,1.0,0.44999999999999996
196,15,95,26,52,28.692307692307693,42.46153846153846,0.2736842105263158,0.5473684210526316,1.0,0.44999999999999996
197,16,96,26,52,28.692307692307693,42.46153846153846,0.2708333333333333,0.5416666666666666,1.0,0.44999999999999996
198,17,97,26,52,28.692307692307693,42.46153846153846,0.26804123711340205,0.5360824742268041,1.0,0.44999999999999996
199,18,98,26,52,28.692307692307693,42.46153846153846,0.2653061224489796,0.5306122448979592,1.0,0.44999999999999996
200,19,99,26,52,28.692307692307693,42.46153846153846,0.26262626262626265,0.5252525252525253,1.0,0.44999999999999996
201,19,99,26,52,28.692307692307693,42.46153846153846,0.26262626262626265,0.5252525252525253,1.0,0.44999999999999996
202,18,99,26,53,28.692307692307693,42.46153846153846,0.26262626262626265,0.5353535353535354,1.0,0.44999999999999996
203,19,100,26,53,28.692307692307693,42.46153846153846,0.26,0.53,1.0,0.44999999999999996
204,21,102,26,53,28.692307692307693,42.46153846153846,0.2549019607843137,0.5196078431372549,1.0,0.44999999999999996
205,21,102,26,53,28.692307692307693,42.46153846153846,0.2549019607843137,0.5196078431372549,1.0,0.44999999999999996
206,20,102,26,54,28.692307692307693,42.46153846153846,0.2549019607843137,0.5294117647058824,1.0,0.44999999999999996
207,21,104,27,54,28.925925925925927,42.629629629629626,0.25961538461538464,0.5192307692307693,1.0,0.44999999999999996
208,22,105,27,54,28.925925925925927,42.629629629629626,0.2571428571428571,0.5142857142857142,1.0,0.44999999999999996
209,23,106,27,54,28.925925925925927,42.629629629629626,0.25471698113207547,0.5094339622641509,1.0,0.44999999999999996
210,22,106,27,55,28.925925925925927,42.629629629629626,0.25471698113207547,0.5188679245283019,1.0,0.44999999999999996
211,23,107,27,55,28.925925925925927,42.629629629629626,0.2523364485981308,0.514018691588785,1.0,0.44999999999999996
212,23,107,27,55,28.925925925925927,42.629629629629626,0.2523364485981308,0.514018691588785,1.0,0.44999999999999996
213,22,108,27,57,28.925925925925927,42.629629629629626,0.25,0.5277777777777778,1.0,0.44999999999999996
214,20,108,27,59,28.925925925925927,42.629629629629626,0.25,0.5462962962962963,1.0,0.44999999999999996
215,20,109,27,60,28.925925925925927,42.629629629629626,0.24770642201834864,0.5504587155963303,1.0,0.44999999999999996
216,22,111,27,60,28.925925925925927,42.629629629629626,0.24324324324324326,0.5405405405405406,1.0,0.44999999999999996
217,21,111,28,60,29.25,43.392857142857146,0.25225225225225223,0.5405405405405406,1.0,0.44999999999999996
218,21,111,28,60,29.25,43.392857142857146,0.25225225225225223,0.5405405405405406,1.0,0.44999999999999996
219,19,111,29,61,29.75862068965517,43.793103448275865,0.26126126126126126,0.5495495495495496,1.0,0.44999999999999996
220,19,111,29,61,29.75862068965517,43.793103448275865,0.26126126126126126,0.5495495495495496,1.0,0.44999999999999996
221,19,111,29,61,29.75862068965517,43.793103448275865,0.26126126126126126,0.5495495495495496,1.0,0.44999999999999996
222,18,111,29,62,29.75862068965517,43.793103448275865,0.26126126126126126,0.5585585585585585,1.0,0.44999999999999996
223,18,111,29,62,29.75862068965517,43.793103448275865,0.26126126126126126,0.5585585585585585,1.0,0.44999999999999996
224,17,112,29,64,29.75862068965517,43.793103448275865,0.25892857142857145,0.5714285714285714,1.0,0.44999999999999996
225,17,112,29,64,29.75862068965517,43.793103448275865,0.25892857142857145,0.5714285714285714,1.0,0.44999999999999996
226,16,112,29,65,29.75862068965517,43.793103448275865,0.25892857142857145,0.5803571428571429,1.0,0.44999999999999996
227,16,113,29,66,29.75862068965517,43.793103448275865,0.25663716814159293,0.584070796460177,1.0,0.44999999999999996
228,15,113,29,67,29.75862068965517,43.793103448275865,0.25663716814159293,0.5929203539823009,1.0,0.44999999999999996
229,15,113,29,67,29.75862068965517,43.793103448275865,0.25663716814159293,0.5929203539823009,1.0,0.44999999999999996
230,16,114,29,67,29.75862068965517,43.793103448275865,0.2543859649122807,0.5877192982456141,1.0,0.44999999999999996
231,15,114,30,67,30.133333333333333,44.13333333333333,0.2631578947368421,0.5877192982456141,1.0,0.44999999999999996
232,14,114,30,68,30.133333333333333,44.13333333333333,0.2631578947368421,0.5964912280701754,1.0,0.44999999999999996
233,15,115,30,68,30.133333333333333,44.13333333333333,0.2608695652173913,0.591304347826087,1.0,0.44999999999999996
234,14,115,31,68,30.483870967741936,44.483870967741936,0.26956521739130435,0.591304347826087,1.0,0.44999999999999996
235,14,115,31,68,30.483870967741936,44.483870967741936,0.26956521739130435,0.591304347826087,1.0,0.44999999999999996
236,14,115,31,68,30.483870967741936,44.483870967741936,0.26956521739130435,0.591304347826087,1.0,0.44999999999999996
237,15,116,31,68,30.483870967741936,44.483870967741936,0.2672413793103448,0.5862068965517241,1.0,0.44999999999999996
238,16,117,31,68,30.483870967741936,44.483870967741936,0.26495726495726496,0.5811965811965812,1.0,0.44999999999999996
239,16,119,31,70,30.483870967741936,44.483870967741936,0.2605042016806723,0.5882352941176471,1.0,0.44999999999999996
240,15,119,31,71,30.483870967741936,44.483870967741936,0.2605042016806723,0.5966386554621849,1.0,0.39999999999999997
241,16,120,31,71,30.483870967741936,44.483870967741936,0.25833333333333336,0.5916666666666667,1.0,0.39999999999999997
242,16,121,31,72,30.483870967741936,44.483870967741936,0.256198347107438,0.5950413223140496,1.0,0.39999999999999997
243,14,121,32,73,30.6875,44.59375,0.2644628099173554,0.6033057851239669,1.0,0.39999999999999997
244,15,122,32,73,30.6875,44.59375,0.26229508196721313,0.5983606557377049,1.0,0.39999999999999997
245,15,123,32,74,30.6875,44.59375,0.2601626016260163,0.6016260162601627,1.0,0.39999999999999997
246,13,123,33,75,30.90909090909091,44.72727272727273,0.2682926829268293,0.6097560975609756,1.0,0.39999999999999997
247,13,123,33,75,30.90909090909091,44.72727272727273,0.2682926829268293,0.6097560975609756,1.0,0.39999999999999997
248,13,123,33,75,30.90909090909091,44.72727272727273,0.2682926829268293,0.6097560975609756,1.0,0.39999999999999997
249,13,123,33,75,30.90909090909091,44.72727272727273,0.2682926829268293,0.6097560975609756,1.0,0.39999999999999997
250,14,124,33,75,30.90909090909091,44.72727272727273,0.2661290322580645,0.6048387096774194,1.0,0.39999999999999997
251,14,124,33,75,30.90909090909091,44.72727272727273,0.2661290322580645,0.6048387096774194,1.0,0.39999999999999997
252,14,124,33,75,30.90909090909091,44.72727272727273,0.2661290322580645,0.6048387096774194,1.0,0.39999999999999997
253,14,124,33,75,30.90909090909091,44.72727272727273,0.2661290322580645,0.6048387096774194,1.0,0.39999999999999997
254,15,125,33,75,30.90909090909091,44.72727272727273,0.264,0.6,1.0,0.39999999999999997
255,16,127,33,76,30.90909090909091,44.72727272727273,0.25984251968503935,0.5984251968503937,1.0,0.39999999999999997
256,16,127,33,76,30.90909090909091,44.72727272727273,0.25984251968503935,0.5984251968503937,1.0,0.39999999999999997
257,17,128,33,76,30.90909090909091,44.72727272727273,0.2578125,0.59375,1.0,0.39999999999999997
258,17,128,33,76,30.90909090909091,44.72727272727273,0.2578125,0.59375,1.0,0.39999999999999997
259,17,129,33,77,30.90909090909091,44.72727272727273,0.2558139534883721,0.5968992248062015,1.0,0.39999999999999997
260,16,129,34,77,31.0,44.794117647058826,0.26356589147286824,0.5968992248062015,1.0,0.39999999999999997
261,16,130,34,78,31.0,44.794117647058826,0.26153846153846155,0.6,1.0,0.39999999999999997
262,15,131,34,80,31.0,44.794117647058826,0.2595419847328244,0.6106870229007634,1.0,0.39999999999999997
263,14,131,35,80,31.37142857142857,45.31428571428572,0.26717557251908397,0.6106870229007634,1.0,0.39999999999999997
264,14,131,35,80,31.37142857142857,45.31428571428572,0.26717557251908397,0.6106870229007634,1.0,0.39999999999999997
265,14,131,35,80,31.37142857142857,45.31428571428572,0.26717557251908397,0.6106870229007634,1.0,0.39999999999999997
266,13,131,35,81,31.37142857142857,45.31428571428572,0.26717557251908397,0.6183206106870229,1.0,0.39999999999999997
267,13,132,35,82,31.37142857142857,45.31428571428572,0.26515151515151514,0.6212121212121212,1.0,0.39999999999999997
268,13,132,35,82,31.37142857142857,45.31428571428572,0.26515151515151514,0.6212121212121212,1.0,0.39999999999999997
269,13,132,35,82,31.37142857142857,45.31428571428572,0.26515151515151514,0.6212121212121212,1.0,0.39999999999999997
270,12,132,35,83,31.37142857142857,45.31428571428572,0.26515151515151514,0.6287878787878788,1.0,0.39999999999999997
271,12,133,35,84,31.37142857142857,45.31428571428572,0.2631578947368421,0.631578947368421,1.0,0.39999999999999997
272,12,133,35,84,31.37142857142857,45.31428571428572,0.2631578947368421,0.631578947368421,1.0,0.39999999999999997
273,10,133,36,85,31.52777777777778,45.416666666666664,0.2706766917293233,0.6390977443609023,1.0,0.39999999999999997
274,11,134,36,85,31.52777777777778,45.416666666666664,0.26865671641791045,0.6343283582089553,1.0,0.39999999999999997
275,11,134,36,85,31.52777777777778,45.416666666666664,0.26865671641791045,0.6343283582089553,1.0,0.39999999999999997
276,12,135,36,85,31.52777777777778,45.416666666666664,0.26666666666666666,0.6296296296296297,1.0,0.39999999999999997
277,12,136,36,86,31.52777777777778,45.416666666666664,0.2647058823529412,0.6323529411764706,1.0,0.39999999999999997
278,12,136,36,86,31.52777777777778,45.416666666666664,0.2647058823529412,0.6323529411764706,1.0,0.39999999999999997
279,14,138,36,86,31.52777777777778,45.416666666666664,0.2608695652173913,0.6231884057971014,1.0,0.39999999999999997
280,15,139,36,86,31.52777777777778,45.416666666666664,0.2589928057553957,0.6187050359712231,1.0,0.39999999999999997
281,15,139,36,86,31.52777777777778,45.416666666666664,0.2589928057553957,0.6187050359712231,1.0,0.39999999999999997
282,16,140,36,86,31.52777777777778,45.416666666666664,0.2571428571428571,0.6142857142857143,1.0,0.39999999999999997
283,16,141,37,86,31.594594594594593,45.62162162162162,0.2624113475177305,0.6099290780141844,1.0,0.39999999999999997
284,17,142,37,86,31.594594594594593,45.62162162162162,0.2605633802816901,0.6056338028169014,1.0,0.39999999999999997
285,17,142,37,86,31.594594594594593,45.62162162162162,0.2605633802816901,0.6056338028169014,1.0,0.39999999999999997
286,17,142,37,86,31.594594594594593,45.62162162162162,0.2605633802816901,0.6056338028169014,1.0,0.39999999999999997
287,16,142,37,87,31.594594594594593,45.62162162162162,0.2605633802816901,0.6126760563380281,1.0,0.39999999999999997
288,17,143,37,87,31.594594594594593,45.62162162162162,0.25874125874125875,0.6083916083916084,1.0,0.39999999999999997
289,16,143,37,88,31.594594594594593,45.62162162162162,0.25874125874125875,0.6153846153846154,1.0,0.39999999999999997
290,15,143,37,89,31.594594594594593,45.62162162162162,0.25874125874125875,0.6223776223776224,1.0,0.39999999999999997
291,14,143,38,89,31.63157894736842,45.73684210526316,0.26573426573426573,0.6223776223776224,1.0,0.39999999999999997
292,14,143,38,89,31.63157894736842,45.73684210526316,0.26573426573426573,0.6223776223776224,1.0,0.39999999999999997
293,15,144,38,89,31.63157894736842,45.73684210526316,0.2638888888888889,0.6180555555555556,1.0,0.39999999999999997
294,15,144,38,89,31.63157894736842,45.73684210526316,0.2638888888888889,0.6180555555555556,1.0,0.39999999999999997
295,16,145,38,89,31.63157894736842,45.73684210526316,0.2620689655172414,0.6137931034482759,1.0,0.39999999999999997
296,17,146,38,89,31.63157894736842,45.73684210526316,0.2602739726027397,0.6095890410958904,1.0,0.39999999999999997
297,15,146,39,90,31.58974358974359,45.666666666666664,0.2671232876712329,0.6164383561643836,1.0,0.39999999999999997
298,16,147,39,90,31.58974358974359,45.666666666666664,0.2653061224489796,0.6122448979591837,1.0,0.39999999999999997
299,16,147,39,90,31.58974358974359,45.666666666666664,0.2653061224489796,0.6122448979591837,1.0,0.39999999999999997
300,16,148,39,91,31.58974358974359,45.666666666666664,0.2635135135135135,0.6148648648648649,1.0,0.39999999999999997
301,16,148,39,91,31.58974358974359,45.666666666666664,0.2635135135135135,0.6148648648648649,1.0,0.39999999999999997
302,17,149,39,91,31.58974358974359,45.666666666666664,0.26174496644295303,0.610738255033557,1.0,0.39999999999999997
303,17,149,39,91,31.58974358974359,45.666666666666664,0.26174496644295303,0.610738255033557,1.0,0.39999999999999997
304,17,149,39,91,31.58974358974359,45.666666666666664,0.26174496644295303,0.610738255033557,1.0,0.39999999999999997
305,18,150,39,91,31.58974358974359,45.666666666666664,0.26,0.6066666666666667,1.0,0.39999999999999997
306,17,150,39,92,31.58974358974359,45.666666666666664,0.26,0.6133333333333333,1.0,0.39999999999999997
307,17,150,39,92,31.58974358974359,45.666666666666664,0.26,0.6133333333333333,1.0,0.39999999999999997
308,15,150,40,93,31.725,45.85,0.26666666666666666,0.62,1.0,0.39999999999999997
309,16,151,40,93,31.725,45.85,0.26490066225165565,0.6158940397350994,1.0,0.39999999999999997
310,16,151,40,93,31.725,45.85,0.26490066225165565,0.6158940397350994,1.0,0.39999999999999997
311,16,152,40,94,31.725,45.85,0.2631578947368421,0.618421052631579,1.0,0.39999999999999997
312,16,152,40,94,31.725,45.85,0.2631578947368421,0.618421052631579,1.0,0.39999999999999997
313,13,152,41,96,31.853658536585368,46.0,0.26973684210526316,0.631578947368421,1.0,0.39999999999999997
314,13,152,41,96,31.853658536585368,46.0,0.26973684210526316,0.631578947368421,1.0,0.39999999999999997
315,13,152,41,96,31.853658536585368,46.0,0.26973684210526316,0.631578947368421,1.0,0.39999999999999997
316,13,152,41,96,31.853658536585368,46.0,0.26973684210526316,0.631578947368421,1.0,0.39999999999999997
317,11,152,41,98,31.853658536585368,46.0,0.26973684210526316,0.6447368421052632,1.0,0.39999999999999997
318,11,152,41,98,31.853658536585368,46.0,0.26973684210526316,0.6447368421052632,1.0,0.39999999999999997
319,12,153,41,98,31.853658536585368,46.0,0.2679738562091503,0.6405228758169934,1.0,0.39999999999999997
320,12,153,41,98,31.853658536585368,46.0,0.2679738562091503,0.6405228758169934,1.0,0.39999999999999997
321,12,154,41,99,31.853658536585368,46.0,0.2662337662337662,0.6428571428571429,1.0,0.39999999999999997
322,13,155,41,99,31.853658536585368,46.0,0.2645161290322581,0.6387096774193548,1.0,0.39999999999999997
323,14,156,41,99,31.853658536585368,46.0,0.26282051282051283,0.6346153846153846,1.0,0.39999999999999997
324,14,156,41,99,31.853658536585368,46.0,0.26282051282051283,0.6346153846153846,1.0,0.39999999999999997
325,14,157,41,100,31.853658536585368,46.0,0.2611464968152866,0.6369426751592356,1.0,0.39999999999999997
326,14,157,41,100,31.853658536585368,46.0,0.2611464968152866,0.6369426751592356,1.0,0.39999999999999997
327,14,157,41,100,31.853658536585368,46.0,0.2611464968152866,0.6369426751592356,1.0,0.39999999999999997
328,14,157,41,100,31.853658536585368,46.0,0.2611464968152866,0.6369426751592356,1.0,0.39999999999999997
329,14,158,41,101,31.853658536585368,46.0,0.25949367088607594,0.6392405063291139,1.0,0.39999999999999997
330,15,159,41,101,31.853658536585368,46.0,0.2578616352201258,0.6352201257861635,1.0,0.39999999999999997
331,14,159,41,102,31.853658536585368,46.0,0.2578616352201258,0.6415094339622641,1.0,0.39999999999999997
332,14,159,41,102,31.853658536585368,46.0,0.2578616352201258,0.6415094339622641,1.0,0.39999999999999997
333,15,160,41,102,31.853658536585368,46.0,0.25625,0.6375,1.0,0.39999999999999997
334,15,161,41,103,31.853658536585368,46.0,0.2546583850931677,0.639751552795031,1.0,0.39999999999999997
335,15,162,42,103,31.928571428571427,46.357142857142854,0.25925925925925924,0.6358024691358025,1.0,0.39999999999999997
336,15,162,42,103,31.928571428571427,46.357142857142854,0.25925925925925924,0.6358024691358025,1.0,0.39999999999999997
337,15,162,42,103,31.928571428571427,46.357142857142854,0.25925925925925924,0.6358024691358025,1.0,0.39999999999999997
338,15,162,42,103,31.928571428571427,46.357142857142854,0.25925925925925924,0.6358024691358025,1.0,0.39999999999999997
339,16,163,42,103,31.928571428571427,46.357142857142854,0.25766871165644173,0.6319018404907976,1.0,0.39999999999999997
340,14,163,42,105,31.928571428571427,46.357142857142854,0.25766871165644173,0.6441717791411042,1.0,0.39999999999999997
341,14,163,42,105,31.928571428571427,46.357142857142854,0.25766871165644173,0.6441717791411042,1.0,0.39999999999999997
342,13,163,42,106,31.928571428571427,46.357142857142854,0.25766871165644173,0.6503067484662577,1.0,0.39999999999999997
343,14,164,42,106,31.928571428571427,46.357142857142854,0.25609756097560976,0.6463414634146342,1.0,0.39999999999999997
344,13,164,43,106,32.0,46.7906976744186,0.2621951219512195,0.6463414634146342,1.0,0.39999999999999997
345,13,164,43,106,32.0,46.7906976744186,0.2621951219512195,0.6463414634146342,1.0,0.39999999999999997
346,12,164,43,107,32.0,46.7906976744186,0.2621951219512195,0.6524390243902439,1.0,0.39999999999999997
347,12,164,43,107,32.0,46.7906976744186,0.2621951219512195,0.6524390243902439,1.0,0.39999999999999997
348,11,164,43,108,32.0,46.7906976744186,0.2621951219512195,0.6585365853658537,1.0,0.39999999999999997
349,11,164,43,108,32.0,46.7906976744186,0.2621951219512195,0.6585365853658537,1.0,0.39999999999999997
350,11,164,43,108,32.0,46.7906976744186,0.2621951219512195,0.6585365853658537,1.0,0.39999999999999997
351,11,164,43,108,32.0,46.7906976744186,0.2621951219512195,0.6585365853658537,1.0,0.39999999999999997
352,11,165,43,109,32.0,46.7906976744186,0.2606060606060606,0.6606060606060606,1.0,0.39999999999999997
353,10,166,44,110,32.25,47.09090909090909,0.26506024096385544,0.6626506024096386,1.0,0.39999999999999997
354,11,167,44,110,32.25,47.09090909090909,0.2634730538922156,0.6586826347305389,1.0,0.39999999999999997
355,12,168,44,110,32.25,47.09090909090909,0.2619047619047619,0.6547619047619048,1.0,0.39999999999999997
356,12,169,45,110,32.53333333333333,47.28888888888889,0.26627218934911245,0.650887573964497,1.0,0.39999999999999997
357,10,169,45,112,32.53333333333333,47.28888888888889,0.26627218934911245,0.6627218934911243,1.0,0.39999999999999997
358,10,169,45,112,32.53333333333333,47.28888888888889,0.26627218934911245,0.6627218934911243,1.0,0.39999999999999997
359,11,170,45,112,32.53333333333333,47.28888888888889,0.2647058823529412,0.6588235294117647,1.0,0.39999999999999997
360,12,171,45,112,32.53333333333333,47.28888888888889,0.2631578947368421,0.6549707602339181,1.0,0.35
361,12,171,45,112,32.53333333333333,47.28888888888889,0.2631578947368421,0.6549707602339181,1.0,0.35
362,12,171,45,112,32.53333333333333,47.28888888888889,0.2631578947368421,0.6549707602339181,1.0,0.35
363,12,171,45,112,32.53333333333333,47.28888888888889,0.2631578947368421,0.6549707602339181,1.0,0.35
364,12,171,45,112,32.53333333333333,47.28888888888889,0.2631578947368421,0.6549707602339181,1.0,0.35
365,13,172,45,112,32.53333333333333,47.28888888888889,0.2616279069767442,0.6511627906976745,1.0,0.35
366,13,173,46,112,32.58695652173913,47.28260869565217,0.2658959537572254,0.6473988439306358,1.0,0.35
367,13,174,46,113,32.58695652173913,47.28260869565217,0.26436781609195403,0.6494252873563219,1.0,0.35
368,14,175,46,113,32.58695652173913,47.28260869565217,0.26285714285714284,0.6457142857142857,1.0,0.35
369,15,176,46,113,32.58695652173913,47.28260869565217,0.26136363636363635,0.6420454545454546,1.0,0.35
370,15,176,46,113,32.58695652173913,47.28260869565217,0.26136363636363635,0.6420454545454546,1.0,0.35
371,15,176,46,113,32.58695652173913,47.28260869565217,0.26136363636363635,0.6420454545454546,1.0,0.35
372,16,177,46,113,32.58695652173913,47.28260869565217,0.2598870056497175,0.6384180790960452,1.0,0.35
373,15,178,47,114,32.638297872340424,47.361702127659576,0.2640449438202247,0.6404494382022472,1.0,0.35
374,16,179,47,114,32.638297872340424,47.361702127659576,0.26256983240223464,0.6368715083798883,1.0,0.35
375,17,180,47,114,32.638297872340424,47.361702127659576,0.2611111111111111,0.6333333333333333,1.0,0.35
376,18,181,47,114,32.638297872340424,47.361702127659576,0.2596685082872928,0.6298342541436464,1.0,0.35
377,19,182,47,114,32.638297872340424,47.361702127659576,0.25824175824175827,0.6263736263736264,1.0,0.35
378,21,184,47,114,32.638297872340424,47.361702127659576,0.2554347826086957,0.6195652173913043,1.0,0.35
379,21,184,47,114,32.638297872340424,47.361702127659576,0.2554347826086957,0.6195652173913043,1.0,0.35
380,20,184,48,114,32.75,47.4375,0.2608695652173913,0.6195652173913043,1.0,0.35
381,21,185,48,114,32.75,47.4375,0.2594594594594595,0.6162162162162163,1.0,0.35
382,20,185,48,115,32.75,47.4375,0.2594594594594595,0.6216216216216216,1.0,0.35
383,20,185,48,115,32.75,47.4375,0.2594594594594595,0.6216216216216216,1.0,0.35
384,22,187,48,115,32.75,47.4375,0.25668449197860965,0.6149732620320856,1.0,0.35
385,23,188,48,115,32.75,47.4375,0.2553191489361702,0.6117021276595744,1.0,0.35
386,22,188,49,115,32.795918367346935,47.42857142857143,0.26063829787234044,0.6117021276595744,1.0,0.35
387,23,189,49,115,32.795918367346935,47.42857142857143,0.25925925925925924,0.6084656084656085,1.0,0.35
388,23,189,49,115,32.795918367346935,47.42857142857143,0.25925925925925924,0.6084656084656085,1.0,0.35
389,23,189,49,115,32.795918367346935,47.42857142857143,0.25925925925925924,0.6084656084656085,1.0,0.35
390,24,190,49,115,32.795918367346935,47.42857142857143,0.2578947368421053,0.6052631578947368,1.0,0.35
391,24,191,49,116,32.795918367346935,47.42857142857143,0.25654450261780104,0.6073298429319371,1.0,0.35
392,24,192,49,117,32.795918367346935,47.42857142857143,0.2552083333333333,0.609375,1.0,0.35
393,23,192,49,118,32.795918367346935,47.42857142857143,0.2552083333333333,0.6145833333333334,1.0,0.35
394,23,192,49,118,32.795918367346935,47.42857142857143,0.2552083333333333,0.6145833333333334,1.0,0.35
395,23,192,49,118,32.795918367346935,47.42857142857143,0.2552083333333333,0.6145833333333334,1.0,0.35
396,21,192,49,120,32.795918367346935,47.42857142857143,0.2552083333333333,0.625,1.0,0.35
397,20,194,50,122,32.9,47.56,0.25773195876288657,0.6288659793814433,1.0,0.35
398,21,195,50,122,32.9,47.56,0.2564102564102564,0.6256410256410256,1.0,0.35
399,21,196,50,123,32.9,47.56,0.25510204081632654,0.6275510204081632,1.0,0.35
400,20,196,50,124,32.9,47.56,0.25510204081632654,0.6326530612244898,1.0,0.35
401,19,196,51,124,32.92156862745098,47.568627450980394,0.2602040816326531,0.6326530612244898,1.0,0.35
402,19,196,51,124,32.92156862745098,47.568627450980394,0.2602040816326531,0.6326530612244898,1.0,0.35
403,17,196,51,126,32.92156862745098,47.568627450980394,0.2602040816326531,0.6428571428571429,1.0,0.35
404,18,197,51,126,32.92156862745098,47.568627450980394,0.25888324873096447,0.6395939086294417,1.0,0.35
405,18,198,51,127,32.92156862745098,47.568627450980394,0.25757575757575757,0.6414141414141414,1.0,0.35
406,18,198,51,127,32.92156862745098,47.568627450980394,0.25757575757575757,0.6414141414141414,1.0,0.35
407,17,199,51,129,32.92156862745098,47.568627450980394,0.2562814070351759,0.6482412060301508,1.0,0.35
408,18,200,51,129,32.92156862745098,47.568627450980394,0.255,0.645,1.0,0.35
409,18,201,52,129,33.03846153846154,47.61538461538461,0.25870646766169153,0.6417910447761194,1.0,0.35
410,19,202,52,129,33.03846153846154,47.61538461538461,0.25742574257425743,0.6386138613861386,1.0,0.35
411,19,202,52,129,33.03846153846154,47.61538461538461,0.25742574257425743,0.6386138613861386,1.0,0.35
412,18,202,52,130,33.03846153846154,47.61538461538461,0.25742574257425743,0.6435643564356436,1.0,0.35
413,19,203,52,130,33.03846153846154,47.61538461538461,0.2561576354679803,0.6403940886699507,1.0,0.35
414,18,203,52,131,33.03846153846154,47.61538461538461,0.2561576354679803,0.645320197044335,1.0,0.35
415,16,203,53,132,33.056603773584904,47.60377358490566,0.26108374384236455,0.6502463054187192,1.0,0.35
416,17,204,53,132,33.056603773584904,47.60377358490566,0.25980392156862747,0.6470588235294118,1.0,0.35
417,17,204,53,132,33.056603773584904,47.60377358490566,0.25980392156862747,0.6470588235294118,1.0,0.35
418,17,204,53,132,33.056603773584904,47.60377358490566,0.25980392156862747,0.6470588235294118,1.0,0.35
419,18,205,53,132,33.056603773584904,47.60377358490566,0.25853658536585367,0.6439024390243903,1.0,0.35
420,18,206,53,133,33.056603773584904,47.60377358490566,0.25728155339805825,0.6456310679611651,1.0,0.35
421,19,207,53,133,33.056603773584904,47.60377358490566,0.2560386473429952,0.642512077294686,1.0,0.35
422,19,207,53,133,33.056603773584904,47.60377358490566,0.2560386473429952,0.642512077294686,1.0,0.35
423,17,207,54,134,33.148148148148145,47.666666666666664,0.2608695652173913,0.6473429951690821,1.0,0.35
424,17,207,54,134,33.148148148148145,47.666666666666664,0.2608695652173913,0.6473429951690821,1.0,0.35
425,16,207,54,135,33.148148148148145,47.666666666666664,0.2608695652173913,0.6521739130434783,1.0,0.35
426,14,208,54,138,33.148148148148145,47.666666666666664,0.25961538461538464,0.6634615384615384,1.0,0.35
427,14,209,55,138,33.29090909090909,47.74545454545454,0.2631578947368421,0.6602870813397129,1.0,0.35
428,14,209,55,138,33.29090909090909,47.74545454545454,0.2631578947368421,0.6602870813397129,1.0,0.35
429,13,209,55,139,33.29090909090909,47.74545454545454,0.2631578947368421,0.6650717703349283,1.0,0.35
430,14,210,55,139,33.29090909090909,47.74545454545454,0.2619047619047619,0.6619047619047619,1.0,0.35
431,14,210,55,139,33.29090909090909,47.74545454545454,0.2619047619047619,0.6619047619047619,1.0,0.35
432,14,210,55,139,33.29090909090909,47.74545454545454,0.2619047619047619,0.6619047619047619,1.0,0.35
433,14,210,55,139,33.29090909090909,47.74545454545454,0.2619047619047619,0.6619047619047619,1.0,0.35
434,14,210,55,139,33.29090909090909,47.74545454545454,0.2619047619047619,0.6619047619047619,1.0,0.35
435,14,210,55,139,33.29090909090909,47.74545454545454,0.2619047619047619,0.6619047619047619,1.0,0.35
436,14,211,56,139,33.410714285714285,47.82142857142857,0.26540284360189575,0.6587677725118484,1.0,0.35
437,14,211,56,139,33.410714285714285,47.82142857142857,0.26540284360189575,0.6587677725118484,1.0,0.35
438,13,211,56,140,33.410714285714285,47.82142857142857,0.26540284360189575,0.6635071090047393,1.0,0.35
439,11,211,56,142,33.410714285714285,47.82142857142857,0.26540284360189575,0.6729857819905213,1.0,0.35
440,11,212,56,143,33.410714285714285,47.82142857142857,0.2641509433962264,0.6745283018867925,1.0,0.35
441,10,212,56,144,33.410714285714285,47.82142857142857,0.2641509433962264,0.6792452830188679,1.0,0.35
442,9,212,56,145,33.410714285714285,47.82142857142857,0.2641509433962264,0.6839622641509434,1.0,0.35
443,8,212,56,146,33.410714285714285,47.82142857142857,0.2641509433962264,0.6886792452830188,1.0,0.35
444,8,212,56,146,33.410714285714285,47.82142857142857,0.2641509433962264,0.6886792452830188,1.0,0.35
445,8,212,56,146,33.410714285714285,47.82142857142857,0.2641509433962264,0.6886792452830188,1.0,0.35
446,9,213,56,146,33.410714285714285,47.82142857142857,0.26291079812206575,0.6854460093896714,1.0,0.35
447,7,213,57,147,33.36842105263158,47.85964912280702,0.2676056338028169,0.6901408450704225,1.0,0.35
448,8,214,57,147,33.36842105263158,47.85964912280702,0.26635514018691586,0.6869158878504673,1.0,0.35
449,8,214,57,147,33.36842105263158,47.85964912280702,0.26635514018691586,0.6869158878504673,1.0,0.35
450,7,214,57,148,33.36842105263158,47.85964912280702,0.26635514018691586,0.6915887850467289,1.0,0.35
451,8,215,57,148,33.36842105263158,47.85964912280702,0.2651162790697674,0.6883720930232559,1.0,0.35
452,8,215,57,148,33.36842105263158,47.85964912280702,0.2651162790697674,0.6883720930232559,1.0,0.35
453,9,216,57,148,33.36842105263158,47.85964912280702,0.2638888888888889,0.6851851851851852,1.0,0.35
454,9,216,57,148,33.36842105263158,47.85964912280702,0.2638888888888889,0.6851851851851852,1.0,0.35
455,10,217,57,148,33.36842105263158,47.85964912280702,0.2626728110599078,0.6820276497695853,1.0,0.35
456,10,217,57,148,33.36842105263158,47.85964912280702,0.2626728110599078,0.6820276497695853,1.0,0.35
457,10,218,57,149,33.36842105263158,47.85964912280702,0.26146788990825687,0.6834862385321101,1.0,0.35
458,10,218,57,149,33.36842105263158,47.85964912280702,0.26146788990825687,0.6834862385321101,1.0,0.35
459,11,219,57,149,33.36842105263158,47.85964912280702,0.2602739726027397,0.680365296803653,1.0,0.35
460,10,219,58,149,33.275862068965516,47.724137931034484,0.2648401826484018,0.680365296803653,1.0,0.35
461,10,219,58,149,33.275862068965516,47.724137931034484,0.2648401826484018,0.680365296803653,1.0,0.35
462,9,219,59,149,33.355932203389834,47.983050847457626,0.2694063926940639,0.680365296803653,1.0,0.35
463,9,219,59,149,33.355932203389834,47.983050847457626,0.2694063926940639,0.680365296803653,1.0,0.35
464,10,220,59,149,33.355932203389834,47.983050847457626,0.2681818181818182,0.6772727272727272,1.0,0.35
465,10,220,59,149,33.355932203389834,47.983050847457626,0.2681818181818182,0.6772727272727272,1.0,0.35
466,10,220,59,149,33.355932203389834,47.983050847457626,0.2681818181818182,0.6772727272727272,1.0,0.35
467,11,221,59,149,33.355932203389834,47.983050847457626,0.2669683257918552,0.6742081447963801,1.0,0.35
468,11,221,59,149,33.355932203389834,47.983050847457626,0.2669683257918552,0.6742081447963801,1.0,0.35
469,10,221,59,150,33.355932203389834,47.983050847457626,0.2669683257918552,0.6787330316742082,1.0,0.35
470,11,222,59,150,33.355932203389834,47.983050847457626,0.26576576576576577,0.6756756756756757,1.0,0.35
471,12,223,59,150,33.355932203389834,47.983050847457626,0.2645739910313901,0.672645739910314,1.0,0.35
472,11,223,60,150,33.4,47.93333333333333,0.26905829596412556,0.672645739910314,1.0,0.35
473,12,224,60,150,33.4,47.93333333333333,0.26785714285714285,0.6696428571428571,1.0,0.35
474,13,225,60,150,33.4,47.93333333333333,0.26666666666666666,0.6666666666666666,1.0,0.35
475,12,225,60,151,33.4,47.93333333333333,0.26666666666666666,0.6711111111111111,1.0,0.35
476,10,225,61,152,33.42622950819672,47.967213114754095,0.27111111111111114,0.6755555555555556,1.0,0.35
477,10,225,61,152,33.42622950819672,47.967213114754095,0.27111111111111114,0.6755555555555556,1.0,0.35
478,11,226,61,152,33.42622950819672,47.967213114754095,0.26991150442477874,0.672566371681416,1.0,0.35
479,12,227,61,152,33.42622950819672,47.967213114754095,0.2687224669603524,0.6696035242290749,1.0,0.35
